timestamp,username,status
2026-05-06 00:37:16,admin,success
2026-05-06 00:37:29,a,failed
2026-05-06 01:05:53,admin,success
2026-05-06 01:05:55,a,failed
2026-05-06 01:05:57,a,failed
2026-05-06 01:05:59,a,failed
2026-05-06 01:06:01,a,failed
2026-05-06 01:06:03,a,failed
2026-05-06 01:09:54,admin,success
2026-05-06 01:09:57,a,failed
2026-05-06 01:09:59,a,failed
2026-05-06 01:10:01,a,failed
2026-05-06 01:10:03,a,failed
2026-05-06 01:10:05,a,failed
2026-05-06 01:13:33,admin,success
2026-05-06 01:13:40,a,failed
2026-05-06 01:13:42,a,failed
2026-05-06 01:13:44,a,failed
2026-05-06 01:13:46,a,failed
2026-05-06 01:13:48,a,failed
2026-05-06 01:16:41,admin,success
2026-05-06 01:16:44,a,failed
2026-05-06 01:16:46,a,failed
2026-05-06 01:16:48,a,failed
2026-05-06 01:16:50,a,failed
2026-05-06 01:16:51,a,failed
2026-05-06 01:17:34,admin,failed
